[
  {
    "value": "Ogunleye",
    "synonyms": [
      "Ogunleye"
    ]
  },
  {
    "value": "Ayo",
    "synonyms": [
      "Ayo"
    ]
  },
  {
    "value": "oyedele",
    "synonyms": [
      "oyedele"
    ]
  },
  {
    "value": " Fagem",
    "synonyms": [
      " Fagem"
    ]
  },
  {
    "value": "bola",
    "synonyms": [
      "bola"
    ]
  },
  {
    "value": "Abdulquadri",
    "synonyms": [
      "Abdulquadri"
    ]
  },
  {
    "value": "Qadir",
    "synonyms": [
      "Qadir"
    ]
  }
]