[
  {
    "id": "6cbe6ad2-7cc5-4421-9b0b-775ee28ea109",
    "data": [
      {
        "text": "who are you?",
        "userDefined": false
      }
    ],
    "isTemplate": false,
    "count": 0,
    "lang": "en",
    "updated": 0
  },
  {
    "id": "c9859316-f10c-4627-9ca0-301d7f8022bf",
    "data": [
      {
        "text": "what are the things you can do",
        "userDefined": false
      }
    ],
    "isTemplate": false,
    "count": 0,
    "lang": "en",
    "updated": 0
  },
  {
    "id": "0b2e8e66-6d5a-4570-9f2d-b1aac5e7cd69",
    "data": [
      {
        "text": "things you can do",
        "userDefined": false
      }
    ],
    "isTemplate": false,
    "count": 0,
    "lang": "en",
    "updated": 0
  },
  {
    "id": "9a156972-cbb8-497d-87d5-f7bf7750b7d2",
    "data": [
      {
        "text": "what are your skills",
        "userDefined": false
      }
    ],
    "isTemplate": false,
    "count": 0,
    "lang": "en",
    "updated": 0
  },
  {
    "id": "30c7cde0-4b46-42d9-9335-3352fed7667b",
    "data": [
      {
        "text": "what can you do",
        "userDefined": false
      }
    ],
    "isTemplate": false,
    "count": 0,
    "lang": "en",
    "updated": 0
  },
  {
    "id": "b793d1f3-8237-4c74-af63-b1bad66848db",
    "data": [
      {
        "text": "tell me about yourself",
        "userDefined": false
      }
    ],
    "isTemplate": false,
    "count": 0,
    "lang": "en",
    "updated": 0
  }
]