[
  {
    "id": "41a97910-15a2-4a18-b520-b1ea269ea14a",
    "data": [
      {
        "text": "hi my name is ",
        "userDefined": false
      },
      {
        "text": "quadri",
        "meta": "@sys.person",
        "alias": "person",
        "userDefined": false
      }
    ],
    "isTemplate": false,
    "count": 0,
    "lang": "en",
    "updated": 0
  },
  {
    "id": "099c5f76-3cd8-4d92-8a0a-6c5b3dc92183",
    "data": [
      {
        "text": "Hiya",
        "userDefined": false
      }
    ],
    "isTemplate": false,
    "count": 0,
    "lang": "en",
    "updated": 0
  },
  {
    "id": "59a91d40-cebe-458f-8ad3-9904cd38e5e4",
    "data": [
      {
        "text": "hi there",
        "userDefined": false
      }
    ],
    "isTemplate": false,
    "count": 0,
    "lang": "en",
    "updated": 0
  },
  {
    "id": "20d62e6a-a59b-4f9c-9eeb-61cd03f9cb67",
    "data": [
      {
        "text": "hi",
        "userDefined": false
      }
    ],
    "isTemplate": false,
    "count": 0,
    "lang": "en",
    "updated": 0
  },
  {
    "id": "4828f2a6-997e-4fa7-aafa-ed8ca1a2b2bf",
    "data": [
      {
        "text": "hey",
        "userDefined": false
      }
    ],
    "isTemplate": false,
    "count": 0,
    "lang": "en",
    "updated": 0
  },
  {
    "id": "80ca417e-7e10-4180-8142-74902b93be1a",
    "data": [
      {
        "text": "good day",
        "userDefined": false
      }
    ],
    "isTemplate": false,
    "count": 0,
    "lang": "en",
    "updated": 0
  },
  {
    "id": "483e8f94-e775-4ea9-8065-5fde569b6dce",
    "data": [
      {
        "text": "how far",
        "userDefined": false
      }
    ],
    "isTemplate": false,
    "count": 0,
    "lang": "en",
    "updated": 0
  },
  {
    "id": "601cd41b-33b7-440d-8ec2-db60500b6b91",
    "data": [
      {
        "text": "wassup",
        "userDefined": false
      }
    ],
    "isTemplate": false,
    "count": 0,
    "lang": "en",
    "updated": 0
  },
  {
    "id": "27f939bd-ca34-4de8-b9bc-0fb7dec2722e",
    "data": [
      {
        "text": "hello",
        "userDefined": false
      }
    ],
    "isTemplate": false,
    "count": 0,
    "lang": "en",
    "updated": 0
  }
]