[
  {
    "id": "bcf5cc0c-35d2-47fc-a240-f4b9ac3662df",
    "data": [
      {
        "text": "help me predict",
        "userDefined": false
      }
    ],
    "isTemplate": false,
    "count": 0,
    "lang": "en",
    "updated": 0
  },
  {
    "id": "c8cdb4dc-495c-4a46-a8a2-180016148a84",
    "data": [
      {
        "text": "predict",
        "userDefined": false
      }
    ],
    "isTemplate": false,
    "count": 1,
    "lang": "en",
    "updated": 0
  },
  {
    "id": "1ee29866-feb1-46c3-bbba-d220e3fc78b2",
    "data": [
      {
        "text": "Make predictions",
        "userDefined": false
      }
    ],
    "isTemplate": false,
    "count": 0,
    "lang": "en",
    "updated": 0
  },
  {
    "id": "18a6f6ef-9a6d-414f-b0e4-1ae8a6938fd6",
    "data": [
      {
        "text": "can you help me?",
        "userDefined": false
      }
    ],
    "isTemplate": false,
    "count": 0,
    "lang": "en",
    "updated": 0
  },
  {
    "id": "8f356de4-533f-490f-8a91-6927112fc216",
    "data": [
      {
        "text": "i need a hand here.",
        "userDefined": false
      }
    ],
    "isTemplate": false,
    "count": 0,
    "lang": "en",
    "updated": 0
  },
  {
    "id": "fccfca7f-531b-4113-9987-743d43c137ad",
    "data": [
      {
        "text": "please aid me.",
        "userDefined": false
      }
    ],
    "isTemplate": false,
    "count": 0,
    "lang": "en",
    "updated": 0
  },
  {
    "id": "a82e74ab-089f-45d9-8792-3f4ce99900cf",
    "data": [
      {
        "text": "can you help me",
        "userDefined": false
      }
    ],
    "isTemplate": false,
    "count": 0,
    "lang": "en",
    "updated": 0
  },
  {
    "id": "b45e6ed3-6c02-4736-a1ac-f633b25a4b6f",
    "data": [
      {
        "text": "i need your assistance",
        "userDefined": false
      }
    ],
    "isTemplate": false,
    "count": 0,
    "lang": "en",
    "updated": 0
  },
  {
    "id": "8a0fd0b0-4d93-49c8-b49c-e32cfc334358",
    "data": [
      {
        "text": "list the things you can do",
        "userDefined": false
      }
    ],
    "isTemplate": false,
    "count": 0,
    "lang": "en",
    "updated": 0
  },
  {
    "id": "227569b1-ae13-4d5d-a08f-4948acea2847",
    "data": [
      {
        "text": "What can you do",
        "userDefined": false
      }
    ],
    "isTemplate": false,
    "count": 0,
    "lang": "en",
    "updated": 0
  },
  {
    "id": "44365c02-9394-4975-9473-018bc60d03c2",
    "data": [
      {
        "text": "Help",
        "userDefined": false
      }
    ],
    "isTemplate": false,
    "count": 0,
    "lang": "en",
    "updated": 0
  }
]