[
  {
    "id": "385d7098-d4cd-413d-9acb-7ab4d8274698",
    "data": [
      {
        "text": "kindly help ",
        "userDefined": false
      },
      {
        "text": "predict",
        "meta": "@predict",
        "alias": "predict",
        "userDefined": true
      }
    ],
    "isTemplate": false,
    "count": 0,
    "lang": "en",
    "updated": 0
  },
  {
    "id": "f737193c-3cfb-423e-b86a-99d86b437eb2",
    "data": [
      {
        "text": "help make ",
        "userDefined": false
      },
      {
        "text": "predictions",
        "meta": "@predict",
        "alias": "predict",
        "userDefined": true
      }
    ],
    "isTemplate": false,
    "count": 0,
    "lang": "en",
    "updated": 0
  },
  {
    "id": "0e662ad3-ea71-46c2-a4f2-ea6bf2523e4b",
    "data": [
      {
        "text": "predicting",
        "meta": "@predict",
        "alias": "predict",
        "userDefined": true
      }
    ],
    "isTemplate": false,
    "count": 1,
    "lang": "en",
    "updated": 0
  },
  {
    "id": "341b74c8-8170-4cfc-b660-bf62fad68db1",
    "data": [
      {
        "text": "help ",
        "userDefined": false
      },
      {
        "text": "predict",
        "meta": "@predict",
        "alias": "predict",
        "userDefined": true
      }
    ],
    "isTemplate": false,
    "count": 0,
    "lang": "en",
    "updated": 0
  },
  {
    "id": "8e9e75b7-fdd4-49e4-b71f-33243190f4df",
    "data": [
      {
        "text": "Predictions",
        "meta": "@predict",
        "alias": "predict",
        "userDefined": true
      }
    ],
    "isTemplate": false,
    "count": 0,
    "lang": "en",
    "updated": 0
  },
  {
    "id": "a6a6bc72-4f99-4370-908c-ebe3019ba760",
    "data": [
      {
        "text": "make ",
        "userDefined": false
      },
      {
        "text": "predictions",
        "meta": "@predict",
        "alias": "predict",
        "userDefined": true
      }
    ],
    "isTemplate": false,
    "count": 0,
    "lang": "en",
    "updated": 0
  },
  {
    "id": "ecc53380-7d81-47d2-ad26-3dd83ca5b15c",
    "data": [
      {
        "text": "Predict",
        "meta": "@predict",
        "alias": "predict",
        "userDefined": true
      },
      {
        "text": " loans",
        "userDefined": false
      }
    ],
    "isTemplate": false,
    "count": 0,
    "lang": "en",
    "updated": 0
  }
]