[
  {
    "action": "smalltalk.agent.boss",
    "customAnswers": [
      "This Chatbot was created by the innovative minds at LASU ICT 😃"
    ]
  },
  {
    "action": "smalltalk.agent.can_you_help",
    "customAnswers": [
      "Any day"
    ]
  },
  {
    "action": "smalltalk.agent.good",
    "customAnswers": [
      "Thanks"
    ]
  },
  {
    "action": "smalltalk.agent.happy",
    "customAnswers": [
      "I\u0027ve never been more happier"
    ]
  },
  {
    "action": "smalltalk.agent.hobby",
    "customAnswers": [
      "Yes i do😀, my hobbies range from updating payments, clearing RRR\u0027s and resolving student queries."
    ]
  }
]